{
  "hosting": {
    "public": "web/dist",
    "ignore": [
      "firebase.json",
      "**/.*",
      "**/node_modules/**"
    ],
    "rewrites": [
      {
        "source": "/api/**",
        "function": "api"
      },
      {
        "source": "**",
        "destination": "/index.html"
      }
    ]
  },
  "functions": {
    "source": "functions",
    "runtime": "nodejs20"
  },
  "emulators": {
    "functions": {
      "port": 5001
    },
    "hosting": {
      "port": 5000
    },
    "firestore": {
      "port": 8080
    },
    "ui": {
      "enabled": true
    }
  }
}